,area,bedrooms,bathrooms,stories,parking
count,436.0,436.0,436.0,436.0,436.0
mean,5154.144495412844,2.958715596330275,1.2660550458715596,1.7821100917431192,0.6857798165137615
std,2204.313664340267,0.7478042658864914,0.47739141433443033,0.8580925903415505,0.8549407922799883
min,1650.0,1.0,1.0,1.0,0.0
25%,3600.0,2.0,1.0,1.0,0.0
50%,4500.0,3.0,1.0,2.0,0.0
75%,6360.0,3.0,2.0,2.0,1.0
max,16200.0,6.0,4.0,4.0,3.0
